id,external_customer_id,full_name,email,phone,gender,date_of_birth,pan_number,aadhaar_masked,residence_city,residence_state,employment_type,annual_income,registration_date,status
1,station,Evidence,cindy61@example.com,+1-386-357-8091x3431,other,2024-07-20,compare,rule,firm,well,salaried,417550.55,2024-08-22T19:46:40,inactive
2,any,Garden,carternicholas@example.org,886.592.2219,male,2024-08-31,while,past,character,each,self_employed,955828.26,2025-02-06T16:11:55,active
3,pull,Environmental,ascott@example.com,882-917-5946x4743,other,2023-11-01,economic,I,owner,her,other,708612.51,2025-03-22T19:36:19,inactive
4,find,Scene,andrew64@example.org,001-509-674-3953,male,2025-01-18,someone,set,speak,receive,salaried,740367.63,2025-05-02T23:59:57,active
5,this,Certain,bergerdebbie@example.com,709.652.1456x232,other,2025-05-17,community,even,white,thank,other,424719.06,2025-02-14T17:07:02,active
6,sure,Find,linda71@example.org,001-836-785-1604x817,other,2023-11-03,Republican,east,market,ago,other,2271743.16,2025-04-09T04:33:55,inactive
7,usually,Yes,rose31@example.net,446.812.0047x113,other,2024-07-28,hospital,religious,situation,same,business,4104323.15,2025-03-09T08:55:44,active
8,kind,People,nicolepena@example.com,+1-764-205-3773x515,male,2024-06-15,fact,customer,can,thus,unemployed,1899177.43,2025-06-27T15:59:15,active
9,look,Benefit,darleneharper@example.org,5535293183,male,2024-04-22,staff,choose,story,wear,business,780388.3,2025-03-31T00:55:17,inactive
10,able,Factor,vanessafernandez@example.org,402-605-3950,male,2023-09-20,card,site,know,never,business,4283223.52,2024-09-24T17:15:29,blacklisted
11,skill,Attack,xwest@example.net,001-917-283-9084,female,2023-09-27,measure,throw,interest,last,salaried,3729739.4,2025-05-05T00:51:43,blacklisted
12,box,Military,fjones@example.com,+1-621-924-9985x698,male,2024-09-06,point,law,bit,student,unemployed,670360.93,2025-05-11T03:01:41,inactive
13,building,Tonight,russellbeasley@example.com,376-361-5654x52711,other,2024-07-11,big,size,single,hotel,other,4461623.22,2025-06-22T20:12:29,inactive
14,case,Only,willisanna@example.com,+1-416-956-0494x5198,other,2024-02-01,throw,box,hard,through,self_employed,3611487.63,2025-03-15T14:44:24,active
15,hold,Building,audrey68@example.net,+1-480-494-0244x550,other,2024-10-23,really,institution,available,change,self_employed,3933421.2,2025-05-26T08:18:07,active
16,property,Allow,reesejason@example.com,252.354.5991x022,male,2024-03-09,level,recently,language,mention,salaried,2086593.26,2025-04-04T08:19:42,inactive
17,letter,Join,jason81@example.com,(614)597-8403x69003,other,2025-03-29,certain,south,especially,figure,business,1064474.26,2024-12-17T00:17:31,inactive
18,call,Account,lburgess@example.org,(783)888-5160x6071,male,2024-10-29,interview,security,push,key,business,3598555.47,2024-12-02T00:26:50,blacklisted
19,interview,Against,george97@example.net,(716)513-6968x164,other,2024-04-25,start,concern,ball,Mrs,salaried,3162915.73,2025-04-14T12:03:06,active
20,build,Nice,rebeccabailey@example.net,+1-923-912-4329x2127,other,2025-01-21,window,us,other,question,self_employed,1067991.72,2025-04-15T07:22:46,inactive
21,probably,Future,edward17@example.com,+1-744-690-5814x7700,female,2023-10-09,quite,treat,top,believe,other,1332191.32,2025-04-07T10:15:49,inactive
22,phone,Movement,jford@example.net,2799359782,male,2023-10-30,talk,way,third,gun,self_employed,4162472.19,2025-05-15T23:52:24,inactive
23,become,Mother,benjaminzimmerman@example.com,789.325.5466x59051,female,2024-10-17,resource,imagine,federal,entire,business,611086.44,2025-05-19T15:39:23,blacklisted
24,together,Realize,mathewaguilar@example.org,(346)829-1486x528,other,2024-09-08,high,affect,him,for,business,1299344.76,2024-10-20T14:08:31,inactive
25,difficult,Growth,ilee@example.org,441-888-8059,female,2023-12-08,commercial,course,theory,room,unemployed,971496.48,2025-06-07T01:07:21,active
26,table,Weight,jenniferwilliams@example.com,+1-937-994-7383x4735,male,2025-03-30,father,star,idea,morning,other,2833193.26,2025-03-04T10:15:05,blacklisted
27,kid,Color,laurietaylor@example.com,4756818141,other,2024-07-24,western,must,choice,then,unemployed,4519767.55,2025-01-28T11:30:35,inactive
28,benefit,Your,lisawilkerson@example.org,(406)485-3615x30515,female,2023-09-09,few,whose,themselves,marriage,self_employed,4987431.16,2025-05-08T21:49:52,active
29,theory,Chair,awest@example.org,6435289861,other,2024-03-31,campaign,anyone,edge,kind,unemployed,727274.24,2025-04-16T17:25:54,active
30,student,Prevent,fbrown@example.net,+1-708-593-2460,male,2024-10-27,keep,culture,red,relate,self_employed,3248996.4,2024-09-13T19:56:59,blacklisted
31,need,Herself,ashleyamy@example.net,+1-706-370-6540,female,2024-05-04,effect,significant,realize,production,other,598580.22,2024-09-20T20:11:14,inactive
32,sport,Party,dennis58@example.com,+1-227-772-2170x4303,other,2025-08-04,force,myself,information,teacher,unemployed,2786837.42,2025-03-10T11:22:58,blacklisted
33,material,Environment,mullinsjames@example.com,001-705-641-5667x652,male,2025-04-24,beautiful,short,language,bar,salaried,3504038.73,2025-01-25T19:31:10,blacklisted
34,play,Test,amymorris@example.org,644-279-6275x70596,female,2023-10-08,remain,public,into,himself,business,824295.22,2025-02-26T20:16:41,inactive
35,suddenly,So,stephaniethomas@example.net,+1-770-721-3556x9092,male,2024-07-20,source,ball,painting,certain,unemployed,315252.99,2025-03-05T04:53:37,blacklisted
36,hit,Information,debra31@example.org,001-927-586-8144x739,other,2023-11-14,central,tonight,back,live,business,4867874.06,2024-10-17T15:14:38,active
37,way,Sell,zosborn@example.net,451-588-4422x58313,other,2025-04-15,minute,agree,herself,once,salaried,4391437.28,2025-03-21T19:58:55,inactive
38,home,Manage,cherylmiller@example.com,(778)466-9125x1778,other,2025-06-22,them,state,ok,push,other,3162159.99,2025-03-27T20:31:57,active
39,court,Special,ryanbartlett@example.org,682-342-2535,female,2024-02-21,debate,prove,ok,face,self_employed,2835081.44,2024-09-29T04:38:30,blacklisted
40,process,Floor,shawgary@example.net,(229)695-9001,male,2024-12-28,develop,speak,owner,keep,other,1823533.47,2025-04-08T15:09:29,active
41,purpose,Allow,ismall@example.com,+1-947-536-4710x2767,male,2024-05-01,policy,charge,form,training,business,4429992.83,2025-05-17T13:35:50,inactive
42,from,Similar,theresa25@example.net,+1-415-337-1473,male,2023-09-19,fill,young,if,treat,salaried,1432096.48,2025-04-07T13:42:12,blacklisted
43,energy,Tree,lisapeck@example.net,532-578-7747x01687,male,2024-11-06,head,anything,apply,father,salaried,3739965.7,2025-02-19T18:43:05,active
44,picture,Us,amitchell@example.org,(624)356-5060x98358,other,2024-06-06,mother,little,south,oil,self_employed,903439.88,2024-11-28T05:09:20,inactive
45,that,Price,andersoncolin@example.com,985-923-9868x00025,other,2023-12-04,police,walk,myself,challenge,self_employed,1545766.16,2024-12-16T22:49:59,blacklisted
46,word,Position,francisco94@example.net,688-287-9470x55169,female,2024-11-16,matter,evidence,reality,stay,self_employed,4665893.42,2025-06-09T00:19:27,blacklisted
47,particular,Participant,jennifersilva@example.org,896.523.0913x07562,other,2024-06-24,more,stage,population,wife,self_employed,3650860.17,2025-02-10T17:39:05,inactive
48,turn,Thus,thorntonapril@example.net,578-565-2785x85497,other,2024-03-14,open,fire,down,year,business,2359070.39,2024-12-05T03:56:19,blacklisted
49,spend,Fight,hannahburns@example.com,(284)641-9866x524,female,2025-02-15,bar,half,window,letter,salaried,1465156.38,2025-04-23T08:04:21,active
50,establish,Small,ilewis@example.com,+1-542-519-9330,female,2023-09-20,black,job,give,series,salaried,3065050.98,2025-02-11T01:05:36,active
51,black,Responsibility,adampierce@example.org,(877)434-5401x93802,other,2025-08-05,wide,although,think,industry,self_employed,333796.94,2025-06-13T14:17:43,blacklisted
52,mission,Cultural,nancy04@example.net,+1-515-347-8872x874,other,2024-04-23,commercial,side,low,raise,salaried,1376026.38,2024-11-19T11:51:08,active
53,serious,Cultural,doylekrystal@example.net,+1-732-596-6851x6122,female,2023-08-16,every,identify,eat,likely,salaried,2716533.76,2025-05-31T07:29:28,inactive
54,example,Girl,brandi90@example.com,+1-753-501-7426x8414,other,2024-01-28,cell,mean,claim,look,unemployed,1306912.99,2025-05-28T23:21:49,active
55,police,Hour,emiles@example.net,+1-533-491-8785x1910,other,2023-12-16,generation,too,nature,letter,other,3008194.75,2024-09-25T17:24:19,active
56,response,Describe,gdavis@example.com,9726867908,female,2025-02-22,age,individual,environmental,technology,unemployed,1194926.6,2024-08-12T18:04:34,active
57,discover,Particular,williamsmelvin@example.org,+1-801-770-4622,other,2025-07-03,idea,list,true,whose,unemployed,1965198.56,2025-07-29T17:39:14,inactive
58,huge,How,vegadorothy@example.net,(251)228-6823,female,2024-03-29,major,report,serve,off,salaried,3464813.37,2025-01-23T07:07:47,blacklisted
59,night,Hundred,johnreed@example.com,310.269.0331,male,2024-07-22,piece,remember,score,turn,salaried,2192320.03,2024-08-30T11:39:58,inactive
60,election,Sit,moralesjimmy@example.org,001-502-884-3959x953,male,2024-03-31,face,ask,onto,perhaps,self_employed,1200473.34,2025-07-19T05:29:51,blacklisted
61,simple,Which,conniesimmons@example.com,8564856624,female,2025-03-18,note,material,effect,time,self_employed,2282843.71,2024-11-07T02:20:00,inactive
62,first,Toward,lindamelendez@example.net,(568)282-6343x51751,female,2024-03-06,huge,report,point,player,self_employed,4410083.98,2024-08-26T22:34:47,active
63,TV,Baby,lindamatthews@example.net,+1-337-935-4033,female,2025-07-21,eight,safe,PM,score,other,760171.02,2024-10-30T00:10:14,blacklisted
64,industry,Whole,andrearowe@example.com,585.744.5877x175,other,2024-04-10,job,answer,order,treat,salaried,4854282.41,2024-11-05T12:23:38,active
65,site,Child,greensarah@example.net,001-664-923-5369x378,male,2025-02-23,quality,sister,military,magazine,unemployed,2582513.29,2024-10-15T22:01:16,active
66,significant,Stuff,gary87@example.org,+1-508-301-0062,female,2025-02-10,city,act,discover,mouth,salaried,1073794.47,2025-02-04T16:17:17,active
67,hour,As,bhopkins@example.org,+1-286-800-8484,female,2025-04-28,yard,where,country,both,business,4654634.95,2025-08-03T02:48:19,inactive
68,big,Need,johnharvey@example.com,(246)315-6793x341,female,2024-06-20,hundred,huge,old,maybe,unemployed,3573980.07,2024-09-02T08:59:56,blacklisted
69,public,Act,christopherbruce@example.net,291-480-3397x40148,other,2025-08-01,to,forward,admit,despite,unemployed,1027545.08,2025-03-27T13:32:35,inactive
70,charge,Soldier,thickman@example.org,001-739-268-5621,male,2023-10-25,leave,each,this,bag,salaried,3022147.37,2024-12-21T20:31:28,blacklisted
71,point,Specific,unovak@example.org,+1-647-573-5866x2961,male,2025-02-14,back,beautiful,executive,class,business,568676.78,2025-01-06T03:49:35,blacklisted
72,seek,Step,jodistewart@example.org,404-875-4121,female,2024-07-24,onto,one,music,involve,other,4621119.51,2024-09-20T16:43:47,blacklisted
73,agree,Behind,angela99@example.com,(404)666-1839x8262,male,2024-03-31,executive,mind,child,at,salaried,4815660.85,2024-10-15T12:27:21,active
74,learn,Fact,yevans@example.org,(843)779-9371x240,male,2025-05-25,pressure,husband,summer,training,salaried,3096665.0,2024-12-17T13:31:17,blacklisted
75,less,Good,pochoa@example.net,(745)693-7526,male,2025-03-03,run,property,military,parent,unemployed,863467.09,2025-06-11T06:29:57,blacklisted
76,eight,Gas,yramirez@example.com,(619)339-8280x737,male,2025-05-08,thus,stuff,stuff,issue,other,3094240.02,2025-04-29T22:34:34,blacklisted
77,money,Chair,john26@example.com,279-779-6886,male,2025-02-05,want,task,not,phone,unemployed,3389653.87,2025-04-16T10:14:31,blacklisted
78,who,Bed,mackdiane@example.com,(390)696-5610,other,2024-01-30,Mrs,skin,natural,open,business,4693119.41,2025-03-25T00:47:33,active
79,rise,Parent,seanmyers@example.net,001-382-350-7146,other,2025-05-17,yeah,show,change,happen,business,1421823.98,2024-12-10T16:59:55,inactive
80,gun,Lose,adrianabailey@example.org,475.414.0105x123,male,2024-04-24,opportunit,last,maintain,each,business,2448955.49,2025-06-17T09:35:34,active
81,professional,Create,daniellereynolds@example.org,001-393-479-6603x341,male,2024-05-21,gas,debate,lot,build,unemployed,3219448.5,2024-11-21T11:16:51,blacklisted
82,religious,Travel,orose@example.com,+1-369-469-1557x924,male,2024-04-10,buy,edge,focus,but,salaried,2826881.7,2024-10-21T16:04:06,blacklisted
83,rule,Chance,ibarnes@example.net,(962)278-2827x4225,female,2025-06-13,her,act,memory,century,self_employed,4686319.08,2024-10-26T08:41:57,active
84,teacher,If,fortiz@example.com,001-677-421-9034x043,male,2025-04-08,lot,others,situation,spring,business,1639440.74,2025-06-05T00:51:27,inactive
85,often,Much,armstrongjoseph@example.net,(680)778-3613x407,other,2025-06-10,technology,begin,leg,tree,business,3174885.5,2024-09-26T04:05:13,blacklisted
86,stand,Task,jasonrojas@example.net,(696)429-2330x958,other,2024-04-18,score,final,figure,page,salaried,3438957.06,2024-11-23T09:47:16,blacklisted
87,toward,My,taylorkaren@example.com,9424232536,female,2024-11-01,project,exist,product,join,salaried,4712971.02,2025-01-04T06:49:46,active
88,live,Bag,powellkara@example.net,(577)859-0175x186,female,2025-05-12,developmen,miss,executive,future,salaried,4481649.72,2025-06-29T06:41:31,blacklisted
89,federal,Green,ashleewashington@example.com,+1-600-417-0127x7063,other,2025-06-20,worker,under,eye,better,self_employed,1580036.6,2025-04-22T19:10:19,blacklisted
90,herself,Enough,watsonrebecca@example.org,9643361103,male,2023-11-22,personal,draw,natural,response,business,1256907.37,2025-01-31T10:17:38,blacklisted
91,act,Across,lisa62@example.com,436-811-1554,female,2025-04-02,tax,some,two,cell,other,2596099.71,2025-04-17T17:53:35,active
92,research,Character,morenoalan@example.net,(375)332-6973,male,2023-11-27,soldier,candidate,perform,show,unemployed,4197936.02,2025-01-07T17:24:24,active
93,have,Laugh,kylie34@example.net,538-599-9404,male,2025-03-13,including,find,race,arm,business,3924260.35,2025-06-11T23:31:49,blacklisted
94,water,Student,troyrodriguez@example.com,+1-491-980-5526x9658,female,2025-03-31,baby,adult,people,author,self_employed,3783785.27,2024-08-16T22:32:02,blacklisted
95,everybody,Dinner,livingstonstacy@example.com,348.566.6188x92414,other,2025-04-29,clearly,not,general,include,unemployed,2936262.26,2025-03-27T07:57:37,active
96,protect,Source,collinssamuel@example.org,6314617990,male,2023-11-11,actually,second,certain,science,self_employed,2864274.36,2024-08-15T23:45:55,inactive
97,common,Model,alexandra42@example.com,(641)305-6481,other,2024-08-30,lose,much,here,around,other,996040.79,2025-02-21T14:40:21,active
98,town,Our,michaelscott@example.org,001-913-780-0030,male,2024-06-03,wife,citizen,country,word,business,2013862.12,2025-07-10T14:18:40,active
99,also,On,pwalker@example.com,001-854-319-5180x238,female,2025-06-22,make,tree,fear,staff,self_employed,3505713.44,2025-07-05T16:30:36,blacklisted
100,foreign,Generation,tranalan@example.org,294-893-7597x3832,male,2023-08-29,early,number,half,provide,business,3966546.34,2025-07-03T15:22:00,inactive
101,understand,Act,aaron64@example.org,283.567.0241,other,2025-07-07,through,nature,itself,school,self_employed,4651089.97,2025-07-25T09:21:41,active
102,hotel,Low,carpenterwilliam@example.net,(719)990-6234x4565,male,2024-03-09,east,bad,yet,degree,self_employed,4442656.16,2024-10-03T10:37:27,active
103,state,Speech,moorefrank@example.com,261-585-3747x41124,male,2025-05-21,tough,generation,choose,benefit,business,3977216.53,2025-05-14T18:26:14,inactive
104,heart,Individual,byrdjorge@example.org,4673883171,other,2023-08-20,assume,then,statement,doctor,self_employed,1553986.84,2024-10-01T08:19:27,blacklisted
105,decade,Than,owatson@example.net,499-341-0137,male,2025-07-13,throw,themselves,table,glass,unemployed,4399183.88,2024-09-28T04:00:38,inactive
106,and,Year,kwilliams@example.com,001-467-206-6253x244,male,2024-11-29,president,practice,else,radio,self_employed,4137957.05,2024-12-04T04:32:58,inactive
107,moment,Its,rbrown@example.com,(963)983-8065,female,2024-05-04,while,others,morning,fund,business,4156520.99,2025-01-09T09:56:45,active
108,expect,Couple,floresjeffery@example.com,5786593213,male,2024-09-28,team,strong,whose,since,salaried,3402155.96,2024-09-02T07:04:35,inactive
109,south,Yourself,barbaramcgrath@example.com,(422)539-5590x599,female,2025-05-21,take,upon,mind,occur,business,4362458.83,2024-12-09T14:33:12,inactive
110,continue,Military,davisjesse@example.org,4877059325,female,2023-09-26,age,choose,peace,sea,other,2178488.41,2025-08-02T19:07:07,blacklisted
111,change,Staff,mathismichelle@example.org,(469)715-4522x675,female,2024-01-31,reduce,perform,teacher,continue,salaried,842106.23,2025-01-05T12:45:55,inactive
112,food,Similar,david09@example.com,001-590-729-5939x172,male,2024-04-15,computer,provide,value,behavior,other,4823911.28,2025-06-26T16:24:47,inactive
113,section,Religious,sean43@example.org,001-915-841-0067x626,male,2024-05-09,office,how,blood,them,salaried,3103884.9,2025-02-13T19:08:01,inactive
114,story,Treat,franciscojones@example.org,705-941-1526x2181,other,2025-02-08,allow,lawyer,yes,ready,business,2351051.25,2024-10-14T15:51:19,blacklisted
115,policy,Voice,gmoore@example.com,336.288.4443,male,2024-06-11,owner,often,though,military,unemployed,4527672.24,2024-10-10T05:31:55,active
116,arm,Herself,pattersonkelly@example.net,+1-897-931-0324x1714,female,2024-08-24,want,recent,evidence,benefit,salaried,3631290.83,2025-04-17T20:35:53,active
117,off,Impact,nathanjames@example.org,304.777.4349x021,other,2025-04-29,number,job,something,perform,other,3528228.59,2024-11-07T22:32:33,blacklisted
118,on,Ask,acardenas@example.net,+1-479-337-4160x8989,other,2025-03-21,list,consumer,computer,development,self_employed,2011840.92,2025-06-21T13:22:12,active
119,data,Card,hendersonvanessa@example.com,829.745.1168,other,2025-06-06,fact,nature,low,whose,business,3228830.43,2025-07-16T19:15:56,blacklisted
120,actually,Stop,jrodriguez@example.org,001-799-811-9148,male,2024-03-03,identify,real,mention,owner,business,2683475.77,2025-04-05T01:54:31,blacklisted
121,always,Consider,richard99@example.net,001-660-665-3074x505,female,2024-03-15,threat,million,toward,safe,business,2191281.82,2025-05-04T13:15:12,inactive
122,billion,Trouble,dennismccann@example.com,001-454-369-1373x678,other,2024-04-08,security,move,international,central,self_employed,1201648.44,2025-06-10T16:54:37,blacklisted
123,today,Need,thompsonnancy@example.org,9308705345,female,2024-12-16,wind,candidate,responsibility,allow,self_employed,3192920.1,2024-11-13T12:59:47,inactive
124,middle,Phone,ethompson@example.net,+1-255-424-1406,female,2025-06-04,owner,state,difficult,tough,other,4218508.3,2024-11-05T13:06:41,inactive
125,radio,Down,josephortiz@example.org,001-707-922-9034x944,female,2024-02-22,discover,man,five,research,self_employed,2320474.3,2025-03-01T18:40:00,blacklisted
126,thank,Price,asilva@example.net,+1-658-699-4417x1545,other,2024-01-04,citizen,nation,southern,effect,business,2485444.49,2025-07-26T23:39:39,inactive
127,art,Support,rguerrero@example.org,001-507-944-6660x993,other,2025-07-15,yeah,remain,her,movement,self_employed,2702517.79,2024-12-06T03:59:18,blacklisted
128,through,Conference,kellyruiz@example.net,682-651-3534x655,male,2024-08-05,today,buy,many,argue,salaried,1633796.1,2025-07-14T01:20:29,blacklisted
129,past,Partner,kennedyjames@example.org,+1-768-446-0223x5697,other,2025-04-07,be,method,go,program,other,1875384.8,2024-10-19T06:05:29,active
130,form,Protect,smithjoshua@example.org,001-827-912-9666,other,2024-06-03,above,always,none,decision,business,1355811.13,2025-05-22T08:12:22,active
131,address,Wait,katherine83@example.org,+1-203-635-4216x8942,male,2024-03-23,lose,should,nature,pick,salaried,517204.48,2025-03-03T03:06:01,inactive
132,green,Leader,matthewvalenzuela@example.com,001-732-260-3323x098,other,2024-05-28,under,push,especially,spend,salaried,2440455.99,2025-03-07T06:02:48,blacklisted
133,price,Anything,stanleydesiree@example.org,4165761847,other,2025-01-31,rich,professor,act,fish,self_employed,3676225.8,2025-01-22T00:46:34,inactive
134,recently,Blood,cindy26@example.org,891.641.1739x34835,female,2023-12-13,among,official,model,whether,unemployed,1446726.87,2024-10-31T05:49:05,blacklisted
135,worker,Medical,jimmy01@example.org,001-972-618-1143,other,2024-03-03,majority,apply,black,tax,salaried,4495501.18,2024-10-18T10:18:31,active
136,two,Among,michael56@example.net,610-302-2557,female,2024-05-26,teacher,guess,cover,build,self_employed,1126667.4,2025-01-14T05:29:13,blacklisted
137,instead,Loss,mary76@example.net,(912)402-1697,other,2024-11-27,hundred,start,her,population,unemployed,536026.41,2024-08-22T18:33:24,active
138,travel,Return,timothyfreeman@example.com,301.845.0899x358,male,2025-01-05,short,energy,meet,half,unemployed,926693.8,2025-04-26T08:12:05,inactive
139,require,Put,jhernandez@example.net,7025877217,other,2024-04-24,fall,apply,movement,dog,other,4943094.53,2025-03-13T08:57:38,blacklisted
140,question,Human,fmontoya@example.com,897.217.7517x016,female,2024-10-16,often,a,that,benefit,unemployed,3179465.92,2025-06-15T01:55:30,blacklisted
141,PM,Present,pamela83@example.net,+1-375-350-3758x9975,other,2025-03-22,reason,doctor,able,growth,unemployed,4203675.1,2024-12-27T12:06:18,blacklisted
142,themselves,Property,amy51@example.org,(372)861-4933,female,2024-01-25,lot,thank,station,cut,self_employed,3795180.58,2025-05-16T22:55:03,inactive
143,ground,Box,owilliams@example.net,001-217-879-8270,female,2025-05-23,pay,meeting,window,movie,business,3833350.9,2025-06-10T22:10:37,blacklisted
144,will,Whether,heatherthompson@example.org,569-695-8669,female,2024-06-15,gun,financial,local,support,other,2577605.98,2024-10-02T09:05:08,active
145,certainly,Itself,megan85@example.net,001-383-733-9452x288,female,2024-10-20,media,pass,own,yes,unemployed,664171.76,2025-04-27T16:19:34,inactive
146,see,Key,natalie60@example.net,606-620-0342,male,2023-12-02,those,assume,rock,still,business,1878483.42,2024-12-04T04:52:46,blacklisted
147,Democrat,Some,howardshaun@example.net,+1-283-286-3840x6665,male,2025-03-10,enter,degree,pressure,trouble,self_employed,1008904.09,2025-06-10T20:43:03,inactive
148,traditional,Truth,ogreer@example.net,001-459-389-3347x212,other,2024-05-29,amount,later,family,only,self_employed,3620169.97,2024-11-22T04:51:41,active
149,college,Pattern,adam72@example.org,(759)309-4798,female,2025-04-10,second,friend,never,discussion,unemployed,1855142.54,2024-10-21T23:45:15,inactive
150,near,Author,robertherrera@example.org,(233)355-5439x878,female,2025-01-11,half,like,effect,west,salaried,1272121.63,2025-04-18T00:18:27,inactive
151,positive,Why,susanfleming@example.com,(216)648-4085x8877,female,2025-07-08,reach,data,full,my,other,4746491.56,2024-09-12T13:29:06,active
152,yourself,Big,teresaayala@example.net,3134361386,other,2023-08-29,machine,series,glass,always,unemployed,2541804.74,2024-09-14T13:43:26,inactive
153,back,Arm,lauragrant@example.net,846.367.6650,female,2024-09-29,according,put,service,present,unemployed,4311205.37,2024-09-05T03:23:13,inactive
154,something,Skill,haynescharles@example.net,244-991-4766,other,2023-12-10,none,discussion,century,skin,other,4059380.4,2025-01-10T10:17:05,active
155,style,Subject,susan24@example.net,001-350-688-2100x996,female,2024-01-21,smile,site,well,she,self_employed,1582795.97,2024-12-23T02:53:58,inactive
156,development,Itself,eugenewalker@example.com,612.390.8781,male,2024-02-21,billion,decade,she,partner,unemployed,1879808.86,2025-02-16T18:54:49,blacklisted
157,give,Heavy,emilyyoung@example.com,+1-713-757-7594x929,female,2024-07-08,concern,above,form,employee,self_employed,4250376.62,2025-06-12T16:51:10,active
158,do,Seem,xhill@example.org,+1-457-577-5478x1291,other,2024-03-02,similar,various,produce,ball,other,426742.32,2025-05-21T02:03:57,inactive
159,bag,Wait,atkinsoncrystal@example.net,001-969-430-8488,other,2024-05-21,including,dog,vote,sport,other,3416098.86,2025-03-28T13:26:50,active
160,tough,Fill,stevendixon@example.com,(480)939-2827x229,other,2025-08-09,her,amount,discuss,sort,unemployed,937787.59,2025-02-16T23:07:27,inactive
161,each,At,mike03@example.net,(467)870-0518x449,male,2024-12-30,human,history,people,ready,salaried,1522734.68,2025-07-26T10:02:55,inactive
162,thing,Bank,nicholas38@example.com,(657)579-0827x231,male,2023-12-05,culture,coach,high,play,unemployed,1836175.28,2025-05-17T03:42:56,inactive
163,technology,By,robertrivera@example.org,477.439.2603x0299,female,2024-12-11,music,among,vote,page,unemployed,1485676.2,2024-10-07T14:51:07,active
164,arrive,Compare,sandra86@example.net,001-404-513-7977,female,2025-05-16,item,plant,character,study,salaried,3820414.03,2025-03-25T20:37:32,active
165,tend,Speak,cindydixon@example.org,001-857-499-1366x210,female,2024-11-23,big,cost,maybe,week,self_employed,3355677.24,2025-04-07T07:50:17,blacklisted
166,plan,American,davisdonna@example.net,+1-506-986-5086,male,2025-04-15,specific,I,hard,perform,salaried,4763175.14,2025-06-20T01:34:53,active
167,whatever,Sort,colemanjonathan@example.org,349-286-4300,male,2024-05-28,real,describe,rise,summer,other,1016197.03,2024-12-12T06:23:14,active
168,issue,High,mooredenise@example.com,986-495-9463x688,female,2024-05-24,operation,one,member,environment,salaried,2950657.04,2024-12-08T16:11:02,active
169,participant,Guy,qfitzgerald@example.org,001-837-221-3865x890,female,2025-04-26,benefit,than,check,market,business,3904421.06,2025-08-06T03:37:38,active
170,behavior,Attack,jeffrey19@example.org,001-666-598-4902x770,other,2023-09-06,step,place,Mrs,name,other,4829553.3,2025-05-09T19:59:36,blacklisted
171,possible,Condition,warddiana@example.org,246-356-6938,male,2025-07-24,believe,often,feel,she,self_employed,4834187.63,2025-06-29T19:56:18,active
172,operation,Who,michael43@example.net,376.390.4268,other,2024-09-04,financial,grow,your,but,salaried,4665769.69,2025-06-19T09:56:02,blacklisted
173,must,Even,heather69@example.com,001-735-877-9071x416,other,2024-05-11,name,north,act,school,unemployed,2164275.88,2025-06-30T18:25:20,blacklisted
174,everyone,Energy,christopher51@example.net,(975)553-9423,male,2024-02-09,simply,effort,turn,evidence,salaried,3082859.95,2024-10-30T21:17:11,blacklisted
175,drop,Degree,marykelly@example.org,717-990-8075,male,2025-07-08,upon,watch,paper,trouble,salaried,3576807.11,2024-11-26T06:40:02,inactive
176,military,Cover,raymond92@example.org,267.280.8562x71875,other,2025-01-15,develop,hundred,partner,blood,other,4085981.43,2024-12-15T23:15:18,blacklisted
177,high,Position,jacob43@example.com,995.452.7636x5564,male,2024-10-27,catch,parent,rich,drop,business,2803902.65,2025-06-23T18:46:37,blacklisted
178,set,Expect,angelachase@example.org,(727)902-6728,female,2024-03-31,enough,or,town,out,salaried,2678015.71,2024-08-30T02:39:10,inactive
179,information,Bit,briancervantes@example.com,+1-317-754-5588x4506,male,2025-06-14,respond,police,decide,part,unemployed,4164955.32,2025-03-23T05:41:43,active
180,rate,Range,tiffanymitchell@example.com,+1-887-371-6947x2256,female,2023-10-11,color,gun,drive,former,business,3287250.0,2024-12-12T15:29:21,inactive
181,read,Film,catherine64@example.com,001-459-887-6220x234,other,2023-10-30,beyond,attack,write,unit,self_employed,2346789.58,2025-02-11T08:22:52,blacklisted
182,official,Arm,wisealexandria@example.org,649-921-6433,other,2024-12-09,card,catch,new,this,business,3194788.06,2024-10-16T20:09:06,blacklisted
183,air,Already,michelle57@example.com,+1-948-872-8299,female,2024-09-20,push,purpose,none,force,unemployed,2347200.12,2025-07-30T13:44:52,blacklisted
184,hand,Meet,lindaramos@example.com,(942)640-0825x47807,other,2023-08-18,space,law,success,final,business,1814831.54,2025-03-31T10:26:53,active
185,during,Style,kelleyjacob@example.net,(663)626-6341x63894,male,2024-06-26,cup,tonight,authority,court,business,4443666.56,2024-10-03T15:23:53,active
186,figure,Bring,rwilliamson@example.net,+1-673-450-2080x214,female,2025-02-16,left,short,across,early,other,3168559.01,2024-09-15T14:40:00,inactive
187,city,Administration,arobinson@example.com,457.505.1204x6187,female,2025-07-06,thought,enough,technology,I,salaried,2623240.57,2025-06-29T05:50:19,inactive
188,campaign,Special,paulproctor@example.org,001-303-671-8376x452,male,2024-08-18,pull,fire,decide,herself,unemployed,1296963.3,2025-07-22T06:15:07,inactive
189,area,Treat,teresayoung@example.com,702-349-1630x09792,female,2024-02-20,coach,money,benefit,rich,business,4437503.9,2025-04-08T20:09:28,blacklisted
190,song,Process,browndeanna@example.net,+1-512-273-5857,female,2025-01-27,huge,help,shake,center,other,347710.24,2024-11-16T22:37:41,active
191,among,Memory,ihansen@example.net,439.928.5574x9821,male,2024-03-27,ten,everyone,number,hit,self_employed,3684350.92,2025-02-03T22:17:34,inactive
192,a,Stand,bgross@example.net,(693)751-8638x782,other,2024-06-24,put,fund,bring,big,self_employed,3545863.9,2025-03-02T18:33:08,blacklisted
193,reason,Audience,conleydavid@example.org,617.231.0967,other,2024-05-21,do,police,serious,avoid,unemployed,2406420.38,2024-08-16T15:56:28,active
194,wonder,Will,dianahebert@example.org,605.386.5094x801,male,2024-01-25,natural,bill,blood,share,business,1341503.08,2024-11-09T07:12:49,blacklisted
195,image,Customer,aliciawright@example.net,(388)461-9576,male,2025-04-17,couple,oil,interest,mother,business,3420612.1,2024-12-20T15:49:04,inactive
196,really,Coach,umahoney@example.net,956-965-9398x36845,female,2024-06-14,a,she,already,feel,other,2795333.08,2025-03-30T22:52:55,inactive
197,admit,National,victoriaturner@example.com,435.304.8889,other,2023-09-09,magazine,heart,clearly,certainly,other,1854719.1,2024-11-22T11:50:19,blacklisted
198,visit,Pass,jesseshepherd@example.org,001-369-631-5727,female,2023-09-09,side,system,part,I,business,1741128.06,2024-09-11T01:25:56,active
199,good,Happen,hbutler@example.org,001-590-460-4805x892,male,2023-09-19,report,sign,increase,like,self_employed,1783075.34,2025-05-30T22:56:57,blacklisted
200,physical,Parent,walkerkeith@example.com,(625)317-9086,other,2024-06-15,more,leader,staff,save,self_employed,1200242.57,2024-10-01T05:09:16,blacklisted
